{
    "circle": {
        "ctrlPnts": [
            [
                0.3918058124456125, 
                0, 
                -0.3918058124456119
            ], 
            [
                0, 
                0, 
                -0.554097093777194
            ], 
            [
                -0.39180581244561213, 
                0, 
                -0.39180581244561213
            ], 
            [
                -0.554097093777194, 
                0, 
                0
            ], 
            [
                -0.39180581244561224, 
                0, 
                0.391805812445612
            ], 
            [
                0, 
                0, 
                0.5540970937771941
            ], 
            [
                0.3918058124456119, 
                0, 
                0.3918058124456122
            ], 
            [
                0.554097093777194, 
                0, 
                0
            ], 
            [
                0.3918058124456125, 
                0, 
                -0.3918058124456119
            ], 
            [
                0, 
                0, 
                -0.554097093777194
            ], 
            [
                -0.39180581244561213, 
                0, 
                -0.39180581244561213
            ]
        ], 
        "degree": 3, 
        "knots": [
            -2.0, 
            -1.0, 
            0.0, 
            1.0, 
            2.0, 
            3.0, 
            4.0, 
            5.0, 
            6.0, 
            7.0, 
            8.0, 
            9.0, 
            10.0
        ], 
        "periodic": true
    }, 
    "cube": {
        "ctrlPnts": [
            [
                -0.5, 
                -0.5, 
                -0.5
            ], 
            [
                -0.5, 
                -0.5, 
                0.5
            ], 
            [
                0.5, 
                -0.5, 
                0.5
            ], 
            [
                0.5, 
                -0.5, 
                -0.5
            ], 
            [
                -0.5, 
                -0.5, 
                -0.5
            ], 
            [
                -0.5, 
                0.5, 
                -0.5
            ], 
            [
                0.5, 
                0.5, 
                -0.5
            ], 
            [
                0.5, 
                -0.5, 
                -0.5
            ], 
            [
                0.5, 
                -0.5, 
                0.5
            ], 
            [
                0.5, 
                0.5, 
                0.5
            ], 
            [
                0.5, 
                0.5, 
                -0.5
            ], 
            [
                -0.5, 
                0.5, 
                -0.5
            ], 
            [
                -0.5, 
                0.5, 
                0.5
            ], 
            [
                0.5, 
                0.5, 
                0.5
            ], 
            [
                -0.5, 
                0.5, 
                0.5
            ], 
            [
                -0.5, 
                -0.5, 
                0.5
            ]
        ], 
        "degree": 1, 
        "knots": [
            0.0, 
            1.0, 
            2.0, 
            3.0, 
            4.0, 
            5.0, 
            6.0, 
            7.0, 
            8.0, 
            9.0, 
            10.0, 
            11.0, 
            12.0, 
            13.0, 
            14.0, 
            15.0
        ], 
        "periodic": false
    }, 
    "line": {
        "ctrlPnts": [
            [
                0, 
                0, 
                0
            ], 
            [
                1, 
                0, 
                0
            ]
        ], 
        "degree": 1, 
        "knots": [
            0, 
            1
        ], 
        "periodic": false
    }, 
    "square": {
        "ctrlPnts": [
            [
                -0.5, 
                0.0, 
                -0.5
            ], 
            [
                -0.5, 
                0.0, 
                0.5
            ], 
            [
                0.5, 
                0.0, 
                0.5
            ], 
            [
                0.5, 
                0.0, 
                -0.5
            ], 
            [
                -0.5, 
                0.0, 
                -0.5
            ]
        ], 
        "degree": 1, 
        "knots": [
            0.0, 
            1.0, 
            2.0, 
            3.0, 
            4.0
        ], 
        "periodic": false
    }, 
    "triangle": {
        "ctrlPnts": [
            [
                0, 
                0, 
                0.498253282310647
            ], 
            [
                0.4315, 
                0, 
                -0.2491266411553236
            ], 
            [
                -0.4315, 
                0, 
                -0.2491266411553236
            ], 
            [
                0, 
                0.0, 
                0.498253282310647
            ]
        ], 
        "degree": 1, 
        "knots": [
            0.0, 
            1.0, 
            2.0, 
            3.0
        ], 
        "periodic": false
    }
}